,ランキング順位,商品名,キャッチコピー,商品コード,商品価格,商品説明文,商品URL,商品画像有無,販売可否,クレジットカード利用可否,海外配送可否,海外配送対象地域,あす楽可否,あす楽配送対象地域,店舗名,店舗コード,店舗URL
1,1,＼総額200万円！／プレステ5・Switch・鬼滅の刃・ルンバ・iPad・ダイキン・3大カニも当たるかも！人気商品から選べる福袋 2021.北海道グルメ福袋.合計2021名に当選チャンス！食品 海鮮 お菓子 家電 豪華 メンズ レディース キッズ ジュニア 景品 簡易包装 初売り【M】,【4年連続楽天グルメ大賞受賞店舗】総額200万円！合計2021名に当選のチャンス！,buono-buono:10001877,2021,&#9654;原材料一覧はこちらをご確認下さい＜関連キーワード＞食品 グルメ 惣菜 麺類 スイーツ 製菓材料 ナッツ 加工食品 チョコレート 和菓子 海鮮 スープ するめ スルメ イカ 珍味 乾物 あたりめ ラーメン 札幌ラーメン 味噌 みそ 塩 醤油 つけ麺 スープカレー味 業務用 常温食品 常温保存 備蓄 セット 詰め合わせ お取り寄せグルメ スープカレー チキン 角煮 ホタテ レトルトカレー スパイス カレールー パンケーキミックス ホットケーキ ホットケーキミックス 楽天グルメ大賞 ミックスナッツ 無塩 無添加 無塩 無油 素焼き アーモンド くるみ だしパック だしの素 万能和風だし 昆布 だしつゆ 鰹節 北海道産昆布 国産生姜 佃煮 つくだに つくだ煮 ぜんざい おしるこ お汁粉 鮭フレーク シャケフレーク おにぎり お茶漬け チャーハン 玉ねぎスープ オニオンスープ 玉ねぎ 玉葱 タマネギ オニオン 生姜 しょうが ショウガ ジンジャー 粉末 パウダー インスタント 即席 いちご イチゴ 苺 ストロベリー フリーズドライ 洋菓子 お誕生日 プレゼント 贈り物 さんま 秋刀魚 サンマ 福袋 食品 お取り寄せ ふっこう ふっこう福袋 もったいない 海産物 観光地応援 在庫フードロス 在庫処分 食品ロス 送料無料 北海道 北海道グルメ 北海道ふっこう福袋 北海道応援 北海道物産展,https://item.rakuten.co.jp/buono-buono/buono-huku/,1,1,1,0,,0,,北海道産直グルメ　ぼーの,buono-buono,https://www.rakuten.co.jp/buono-buono/
2,2,＼今だけおまけ付き&タイムセール／★★ 楽天総合ランキング1位 ★★ 何度も受賞 福袋 2021 レディース 福袋 下着 レディース セット 福袋 ブラジャー ショーツ セット 福袋 ブラショーツ ブラ ショーツ セット 福袋 2021 福袋 レディース 2021 福袋 送料無料 福袋 2021,下着 福袋 5セット 下着 レディース 福袋 不良品以外の返品交換は一切不可,sanchya:10011014,3999,商品番号 【三恵】f0042-218k 原産国 日本企画中国製 ご注意 ★福袋のため、カップ（3/4カップと1/2カップ）もお任せとなっております予めご了承くださいませ♪ ※2セット以上御注文いただくと全く同じものになります。 申し訳ございませんがご理解のほどよろしくお願いいたします。 ※写真はイメージです。 ※この商品のラッピングはできません。 ※福袋のため、不良品以外の返品・交換はお断りいたします。 メーカー希望小売価格はメーカーサイトに基づいて掲載しています,https://item.rakuten.co.jp/sanchya/f0042/,1,1,1,1,アルゼンチン/オーストリア/オーストラリア/ベルギー/ブラジル/カナダ/スイス/ドイツ/デンマーク/スペイン/フランス/英国/ギリシャ/香港/インド/イタリア/韓国/モロッコ/メキシコ/オランダ/ニュージーランド/ポーランド/ポルトガル/スウェーデン/シンガポール/タイ/トルコ/台湾/アメリカ,0,,三軒茶屋通信インナーウエア三恵,sanchya,https://www.rakuten.co.jp/sanchya/
3,3,【SALONIA サロニア 公式店】《選べる福袋 2021》 送料無料 1年保証 2021年新春福袋豪華福袋 ドライヤー ストレートヘアアイロン ヘアブラシ ヒートブラシ ヘアオイル ヘアミルク ギフト 正規品 彼女 メンズ クリスマス プレゼント 令和,"＼最大2,980円OFF／《新春豪華福袋》 送料無料 1年保証 ドライヤー ストレートヘアアイロン ヘアブラシ 人気セット ギフト 彼女 クリスマス プレゼント 令和",kobe-beauty-labo:10001883,6578,※ご注文商品の発送予定日が異なる場合は、 一番遅い発送予定日に合わせての発送となります。 （別商品をご注文の際は別送ができかねますので、 ご注文商品が全て揃ってからの同梱発送となります。） ※ごく稀に同時注文のタイムラグや注文殺到により、欠品が生じる場合がございますが、その際は出荷までにお時間を頂戴する場合や、キャンセルとなる場合がございます。 商品名 SALONIA スピーディーイオンドライヤー 商品説明 詳細はこちら 商品ページ こちら メーカー名 株式会社I−ne 広告文責 株式会社I−ne 0120-777-034 商品名 SALONIA ストレートヒートブラシ SALONIA ストレートヒートブラシスリム 商品説明 詳細はこちら 商品ページ こちら メーカー名 株式会社I−ne 広告文責 株式会社I−ne 0120-777-034 商品名 SALONIA ストレートヘアアイロン 商品説明 詳細はこちら 商品ページ こちら メーカー名 株式会社I−ne 広告文責 株式会社I−ne 0120-777-034 商品名 SALONIA スクエアイオンブラシ 商品説明 詳細はこちら 商品ページ こちら メーカー名 株式会社I−ne 広告文責 株式会社I−ne 0120-777-034 商品名 SALONIA スタイリング オイル/ミルク 商品説明 詳細はこちら 商品ページ こちら メーカー名 株式会社I−ne 広告文責 株式会社I−ne 0120-777-034,https://item.rakuten.co.jp/kobe-beauty-labo/sal202fuku/,1,1,1,0,,0,,アンド ハビット,kobe-beauty-labo,https://www.rakuten.co.jp/kobe-beauty-labo/
4,4,送料無料(ネコポス)【公式限定 2箱購入で＋1箱無料】カラコン レヴィア ReVIA 1day/COLOR 1箱10枚入/3箱合計30枚入 レヴィアワンデー 度あり 度なし カラー コンタクトレンズ ローラ ROLA 裸眼風 色素薄い系 小さめ 紫外線対策 UVカット 透け感 透明感 ヌーディー,2018楽天年間ランキング総合2位受賞レヴィア ReVIA レヴィアワンデーカラコン 1day ワンデー カラー コンタクトレンズ ワンデー キャンマジ公式 紫外線対策 UVカット,candymagic:10000575,3432,【ネコポス（ポスト投函）対象品】 ◆ネコポス対象品 ＜6箱＞まで同梱可能です。 ◆追跡可能メール便(ヤマト運輸)をご選択のうえご注文ください。 ※ポスト投函のため日時指定・代金引換は対応しておりません。 ※ネコポスで配送できない場合は宅配便に変更させていただきます。 ※配送遅延発生時はお届けにお日にちがかかる場合がございます、ページTOPの遅延情報をご確認ください。 スペック 高含水レンズ　＋　UVカット　機能付き 商品名 レヴィア　ワンデー　カラー 使用期限 開封後1日 カラー MeltyBare-メルティベア（ブラウン） LusterGem-ラスタージェム（グレー） PaleMirage-ペールミラージュ（ブラウン） MistIris-ミストアイリス（グレー） Grace-グレース（ブラウン） Nostalgia-ノスタルジア（ブラウン） SheerSable-シアーセーブル（ブラウン） PralineBran-プラリネブラン（ブラウン） GypsyAmber-ジプシーアンバー（ブラウン） PRIVATE01-プライベート01 (ブラウン) PRIVATE02-プライベート02(ブラウン) PRIVATE03-プライベート03 (グレー) 販売度数 ±0.00（度なし） -0.50〜-5.00（0.25単位） -5.50〜-10.00（0.50単位） DIA(直径) 14.1mm 着色直径 MeltyBare/LusterGem/PRIVATE01 /PRIVATE02 /PRIVATE03 13.0mm Grace/ PaleMirage/ MistIris 12.6mm Nostalgia 13.2mm SheerSable/ PrarineBran/ GypsyAmber 13.6mm BC(ベースカーブ) 8.6mm 含水率 58%（高含水） 製法 キャストモールド製法 その他スペック UVカット機能 数量 1箱10枚入り 選任製造販売業者（輸入者名） Pegavision Japan株式会社 区分 高度管理医療機器 製造国 台湾製 販売元・広告文責 株式会社Lcode TEL：0120-334-345 ・単回使用視力補正用色付コンタクトレンズ ・医療機器承認番号：22700BZI00009A01、22700BZI00009A09、22800BZI00037A10 ・高度管理医療機器販売業許可番号：第17N00222号 ※処方箋の取得をおすすめ致します。 お届けする商品の有効期限は半年以降のものとなります。完売 PRIVATE02 -5.50/-6.50/-7.00/-7.50/-8.00/-8.50 再入荷の予定はございません。 よりナチュラルなサークルレンズReVIA1dayCIRCLE→ 毎日使う方にオススメReVIA1monthCOLOR→ 瞳に優しいつけ心地にこだわったクリアレンズReVIA CLEAR 1day→,https://item.rakuten.co.jp/candymagic/rv-100/,1,1,1,0,,0,,キャンディーマジック　楽天市場店,candymagic,https://www.rakuten.co.jp/candymagic/
5,5,[Rakuten Fashion]【2021福袋】petit main [GIRL] petit main ナルミヤオンライン その他 福袋,NARUMIYA ONLINE キッズ その他 ナルミヤオンライン petit main,rfashion-luckybag:10001425,3300,　NARUMIYA ONLINE（ナルミヤオンライン）【2021福袋】petit main [GIRL]デイリーにフィットするカジュアルスタイルが即提案してくれる3点セットです。エアリーなチュールキャミをドッキングし、いつものワンピーススタイルに甘みをプラス♪ 肌あたりのやさしいソフトな生地のアウターには、スカラップカットをほどこしてガーリーアピールも。細リブ仕様の単色レギンスは伸びもよく動きやすさもバッチリで、どんなコーディネートにも活躍します。内側にはお名前を記入できるタグつき。アウターには便利な左右ポケットをつけています。※ワンピースは80、90サイズのみ肩開き　　9604601-91-01 CB3116【採寸】商品のサイズについて【商品詳細】※画面上と実物では多少色具合が異なって見える場合もございます。ご了承ください。 ■重要なお知らせ ※ 当店では、ギフト配送サービス及びラッピングサービスを行っておりません。ご注文者様とお届け先が違う場合でも、タグ（値札）付「納品書 兼 返品連絡票」同梱の状態でお送り致しますのでご了承ください。 ラッピング・ギフト配送について ※ 買い物カートに入れるだけでは在庫確保されませんのでお早めに購入手続きをしてください。当店では在庫を複数サイトで共有しているため、同時にご注文があった場合、売切れとなってしまう事がございます。お手数ですが、ご注文後に当店からお送りする「ご注文内容の確認メール」をご確認ください。 ご注文の確定について ※ Rakuten Fashionの商品ページに記載しているメーカー希望小売価格は、楽天市場「商品価格ナビ」に登録されている価格に準じています。 商品の価格について ■■■福袋ご購入前に必ずお読みください■■■ こちらはRakuten Fashion 2021新春福袋専用ストアです。Rakuten Fashion および Rakuten Fashion FLAGSHIP STORE の商品（2021新春福袋以外の商品）と同時購入はできません。 代引き決済はご利用できません。 ロッカー受け取り(楽天BOX受け取り)はご利用できません。,https://item.rakuten.co.jp/rfashion-luckybag/cb3116/,1,0,1,0,,0,,Rakuten Fashion Lucky Bag Store,rfashion-luckybag,https://www.rakuten.co.jp/rfashion-luckybag/
6,6,【先着特典】Grandeur (初回盤A＋初回盤B＋通常盤セット) (A5サイズクリアファイル（Grandeur ver.）＋A5サイズクリアファイル（ナミダの海を越えて行けver.）＋ソロアザージャケット（9枚蛇腹仕様）) [ Snow Man ],【楽天ブックスならいつでも送料無料】,book:20169918,4389,"Snow ManBKSCPN_【newcd】 スノーマン 発売日：2021年01月20日 予約締切日：2021年01月16日 JAN：2100012035033 エイベックス・エンタテインメント(株) 初回限定 エイベックス・エンタテインメント(株) ＜初回盤A CD＋DVD＞ 【CD】 01. Grandeur 02. Big Bang Sweet 【DVD】 ・「Grandeur」Music Video ・「Big Bang Sweet」Music Video ・「Big Bang Sweet」Dance Edit ・ジャケット/Music Video メイキング映像 ＜初回盤B CD＋DVD＞ 【CD】 01. Grandeur 02.ナミダの海を越えて行け 【DVD】 ・「Grandeur」マルチアングル映像 ・「ナミダの海を越えて行け」Music Video ・撮り下ろし特典映像 ＜通常盤＞ 01. Grandeur 02. Big Bang Sweet 03.ナミダの海を越えて行け 04. EVERYTHING IS EVERYTHING 05.Grandeur Instrumental 06.Big Bang Sweet Instrumental 07.ナミダの海を越えて行け Instrumental 08.EVERYTHING IS EVERYTHING Instrumental 09. Snow Man ""D to G"" CD JーPOP ポップス DVD・ブルーレイ付",https://item.rakuten.co.jp/book/16503034/,1,1,1,0,,0,,楽天ブックス,book,https://www.rakuten.co.jp/book/
7,7,Nintendo Switch Joy-Con(L) ネオンブルー/(R) ネオンレッド,【楽天ブックスならいつでも送料無料】【楽天あんしん延長保証対象商品】,book:19750950,32978,任天堂 Nintendo SwitchSwitch 新型 本体 ニンテンドウ スイッチ スウィッチ バッテリー 長時間 ニンテンドウスイッチ ジョイコン L ネオンブルー R ネオンレッド 発売日：2019年08月30日 予約締切日：2019年08月28日 HADーSーKABAA JAN：4902370542912 ゲーム Nintendo Switch 本体,https://item.rakuten.co.jp/book/16033028/,1,0,1,0,,0,,楽天ブックス,book,https://www.rakuten.co.jp/book/
8,8,福袋 2021 プレステ5 Switch ダイソン ルンバ iPad プラズマクラスター 豪華景品が当たるかも！? 送料無料 人気商品3点詰め込み 加湿器 ヒーター 掃除機 空気清浄機 ドライヤー 総合ランキング1位獲得 【1月下旬頃発送予定】###お宝ワールド福袋###,レディース メンズ 選べる福袋 数量限定 早い者勝ち 新春,otakaratuuhan:10009138,3071,ルールは簡単！キャンペーン期間中の福袋をご購入頂き まずは、届く商品の運試し！ せっかく見ていただいたので 是非ご参加して頂き、楽しんで下さい。 詳しいルールは下記になります。 勘違い、読み間違いが無いよう必ず読んでからご参加下さい。 【ルール説明】 ■この福袋は弊社取扱商品より3点を商品としてお届けします。 （在庫上の関係で色違いになる場合もあります。） (ご自身に必要のない商品が含まれる場合もございます。) ■もらう方によっては欲しくない商品がある場合が御座いますが、 福袋の中身でのクレームは一切お受けいたしません。 (内容商品の不具合の場合には交換として対応させていただきます。 購入者によって内容品が異なりますので、商品について詳細に説明お願い致します。) ■特賞の豪華景品をご用意しております。 弊社にて厳正なる抽選の上、特賞を発送させていただきます。 特賞の当選者様は個人情報の保護のため、発表を控えさせていただきます。 ご了承頂けますようよろしくお願いいたします。 （特賞の発送は2月下旬頃を予定しております。 特賞発送時の送料は弊社負担にて発送させていただきます。） ■福袋の発送は販売終了後、1月下旬頃の予定となっております。 (出荷センターの配送状況の都合上遅れる場合もございます。) ■特賞の当選、福袋の内容品について、お客様の希望通りにならない場合がございます。 予めご理解ご了承いただいた上で、ご購入をお願い致します。 ■お一人様お一つまでのご購入とさせて頂いております。 ご理解、ご了承をお願い致します。▼▼▼2021年選べる福袋の一覧はコチラ▼▼▼,https://item.rakuten.co.jp/otakaratuuhan/10009138/,1,1,1,0,,0,,お宝ワールド,otakaratuuhan,https://www.rakuten.co.jp/otakaratuuhan/
9,9,【楽天限定セット】【ベストシカニキビトラブルケア6種セット】CICA福袋 シカ 化粧水 乳液 にきび マスクパック ファンデーション ニキビパッチ 韓国コスメ福袋 スキンケア福袋　2021【VT公式】,大人気のシカ製品の中から、スキンケアからベースメイクまで可能なセット商品です◎ニキビや肌荒れでお悩みの方必見！,vtcosmetic-official:10000378,4800,楽天ランキング 美容・コスメ・香水ランキング部門1位獲得！(2020年12月28日/ 29日 更新) 化粧水・ローションランキング部門1位獲得！(2020年12月28日/ 29日/ 30日/ 31日 更新) 12月28日より、Aタイプのセット内容が変更となっております。 *お知らせ* 12月28日以前にご注文頂いたお客様も、銀行振込やコンビニ決済等でお支払い確認が12月28日以降となった場合は 変更後のセット内容でのお届けとなる場合がございます。 何卒ご了承ください。 *イベントにおける注意事項* ※イベントの内容は予告なく変更される場合がございますので、ご了承ください。 商品情報 製品名 ベストシカ ニキビトラブルケア6種セット（BEST CICA ACNE TROUBLE CARE 6SET） 商品説明 大人気のシカラインのお得な6種セット！ トナー、スムーザー、クリーム、サンスプレー、スリーピングマスク、ダーマスポットパッチまで！ シカラインで構成された充実ラインナップです◎ VTのシカラインが気になっている方、ニキビや肌荒れにお悩みの方は是非お得にお試しください。 ブランド VT cosmetics 原産国 韓国 商品区分 化粧品 容量 シカスキン：200ml シカスムーザー：300ml シカクリーム：50ml シカサンスプレー：150ml シカトーンアップスリーピングマスク：20個入り シカダーマスポットパッチ(アンタクト)：1個） 製品使用上注意事項 1.お肌に異常が生じていないかよく注意して使用してください。化粧品がお肌に合わないとき即ち次のような場合には、使用を中止してください。そのまま使用を続けますと、症状を悪化させることがありますので、皮膚科専門医等にご相談されることをおすすめします。 (1)使用中、赤味、はれ、かゆみ、刺激、色抜け(白斑等)や黒ずみ等の異常があらわれた場合 (2)使用したお肌に、直射日光があたって上記のような異常があらわれた場合 2.傷やはれもの、しっしん等、異常のある部位にはお使いにならないでください。 3.目に入った時は、直ちに洗い流してください。 4.保管及び取扱い上の注意 (1)開封後はお早めにご使用ください。 (2)乳幼児の手の届かないところに保管してください。 (3)高温又は低温の場所、直射日光のあたる場所には保管しないでください。 キーワード シカ 肌荒れ 敏感肌 鎮静 化粧水 乳液 にきび マスク マスクパック ファンデ ファンデーション ニキビパッチ セット ギフト プレゼント 韓国 韓国コスメ スキンケア お得 しっとり さっぱり 美白 しわ改善 小じわ うるおい 保湿 高保湿 クレンジング 全成分及び使用方法 【シカスキン】 https://item.rakuten.co.jp/vtcosmetic-official/p000000t/ 【シカスムーザー】 https://item.rakuten.co.jp/vtcosmetic-official/vtpd39071/ 【シカクリーム】 https://item.rakuten.co.jp/vtcosmetic-official/p000000v/ 【シカトーンアップスリーピングマスク】 https://item.rakuten.co.jp/vtcosmetic-official/vtpd36800/ 広告文責 株式会社　VT Japan 東京都新宿区住吉町1-18 TVB曙橋ビル5F 827049156580 販売元 株式会社　VT Japan 注意事項 ・当店でご購入された商品は、原則として、「個人輸入」としての取り扱いになり、韓国のソウルからお客様のもとへ直送されます。 ・個人輸入される商品は、全てご注文者自身の「個人使用・個人消費」が前提となりますので、ご注文された商品を第三者へ譲渡・転売することは法律で禁止されております。 ・関税・消費税が課税される場合があります。詳細はこちらにご確認下さい。,https://item.rakuten.co.jp/vtcosmetic-official/troublecare6set/,1,0,1,0,,0,,VTcosmetic楽天市場店,vtcosmetic-official,https://www.rakuten.co.jp/vtcosmetic-official/
10,10,【期間限定6組＋おまけショーツ】 新春 福袋 2021 ブラジャー ショーツ セット レディース 下着 ブラショーツ 上下セット 女性 ブラショーツセット ブラ・ショーツ ブラ 大きいサイズ グラマー Eカップ Fカップ 送料無料,当店1番人気の福袋セット、グラマーさんにもオススメ♪,calinmia:10000053,3680,"ブラ＆ショーツセット ブラジャー：Bカップ Cカップ Dカップ Eカップ Fカップ B65 B70 B75 B80 C65 C70 C75 C80 D65 D70 D75 D80 E65 E70 E75 E80 F65 F70 F75 F80 ショーツ：M / L ※ブラジャーのサイズでショーツサイズが決まっていますのでご注意ください。 ※1セットの中に色違いの商品が含まれることがあります。 ※ブラパット付きでない商品もございます。 ※サンプル商品・仕入れ商品(タグが切られた商品)が含まれる可能性がございます。↓　↓　↓ ブラ＆ショーツ6組セット福袋 ＋ おまけショーツ 【送料無料】 3,680円 （税込）で販売！！",https://item.rakuten.co.jp/calinmia/fukubukuro01/,1,1,1,0,,0,,calin mia -カランミア-,calinmia,https://www.rakuten.co.jp/calinmia/
11,11,1ST (初回盤A：原石盤＋初回盤B：音色盤＋通常盤セット) [ SixTONES ],【楽天ブックスならいつでも送料無料】,book:20194232,9873,"SixTONESBKSCPN_【newcd】 ストーンズ 発売日：2021年01月06日 予約締切日：2021年01月02日 JAN：2100012053426 (株)ソニー・ミュージックレーベルズ (株)ソニー・ミュージックソリューションズ 初回盤A：原石盤 【CD】 01. ST 02. NAVIGATOR 03. Special Order 04. NEW ERA 05. Curtain Call 06. Dance All Night 07. S.I.X 08. Coffee & Cream 09. Imitation Rain 10. Lifetime 11. この星のHIKARI 12. BE CRAZY 13. ""Laugh"" In the LIFE 14. Rollin' 15. RAMーPAMーPAM 【DVD】 ST ーMusic Videoー ST ーMusic Video Makingー ST ーMusic Video Solo Angleー 初回盤B：音色盤 【CD】 01. ST 02. NAVIGATOR 03. Special Order 04. NEW ERA 05. Curtain Call 06. Dance All Night 07. S.I.X 08. Coffee & Cream 09. Imitation Rain 10. Lifetime 11. EXTRA VIP (Jesse × Juri Tanaka) 12. My Hometown (Yugo Kochi × Shintaro Morimoto) 13. ってあなた (Taiga Kyomoto × Hokuto Matsumura) 【DVD】 EXTRA VIP ーMusic Videoー My Hometown ーMusic Videoー ってあなた ーMusic Videoー 通常盤 01. ST 02. NAVIGATOR 03. Special Order 04. NEW ERA 05. Curtain Call 06. Dance All Night 07. S.I.X 08. Coffee & Cream 09. Imitation Rain 10. Lifetime 11. うやむや 12. Mad Love 13. Telephone 1ST ver. CD JーPOP ポップス DVD・ブルーレイ付",https://item.rakuten.co.jp/book/16534845/,1,1,1,0,,0,,楽天ブックス,book,https://www.rakuten.co.jp/book/
12,12,【公式】iFace 透明 クリアケース iPhone12 12Pro 12ProMax iPhone8 iPhoneSE 第2世代 se2 iPhone11 11pro 11promax ケース XR XS X XSMax 6s 8Plus 7 Reflection 強化ガラス【 リフレクション クリア スマホケース アイフェイス iphoneケース カバー ガラス 耐衝撃 】,背面クリア ガラスケース アイフェイス ストラップホール 携帯 iphone アイフェイス iphone 8 7 iPhoneXR iPhoneXS X iPhoneXSMax 透明 クリアケース クリア スマホケース ケース 韓国,keitai:10801623,3520,商品名 [iPhone 11/ 11 Pro / 11 Pro Max / XS / X / XR / XS Max / SE 2020 ( SE 第二世代 ) / 8 / 7 / 6s / 6 / 8 Plus / 7 Plus 専用] iFace Reflection クリア 透明 強化ガラスクリアケース キーワード 【公式】 iface iFace アイフェイス あいふぇいす 耐衝撃 カラフル スマホケース ケース カバー 携帯 スマホ 正規品 スマホケース スマホカバー 携帯 スマホ ケース カバー スマホケース iphoneケース アイフォンケース 携帯 スマホ カバー アイフォンカバー 可愛い かわいい ケース ハードケース ハード TPU アイホン スマートフォンケース カバー 韓国 クリアケース 透明ケース 透明 クリア クリアカバー 透明カバー クリア シンプル オリジナル カスタマイズ アレンジ リフレクション 対応機種 ・iPhone 12 mini 5.4インチ iPhone12 mini（ 5.4インチ ）iphone12mini アイフォン アイフォン12ミニ アイフォン12 mini ミニ ・iPhone 12 6.1インチ iPhone12（ 6.1インチ ）iphone12 iphone 12 アイフォン アイフォン12 ・iPhone 12 Pro 6.1インチ iPhone12 Pro（ 6.1インチ ） iphone12 pro iphone12pro iphone 12pro アイフォン アイフォン12プロ アイフォン12 プロ アイフォン 12pro アイフォン 12 プロ ・iPhone 12 Pro Max 6.7インチ iPhone12 Pro Max（ 6.7インチ ）iphone12 pro max iphone12promax iphone 12pro max iphone12 promax アイフォン アイフォン12プロマックス アイフォン12 プロ マックス アイフォン12 プロマックス 12pro max アイフォン 12 プロマックス ・ iPhone SE (第2世代)　( iphonese 2 第二世代 第2世代 se2 SE2 アイフォンse2 アイフォンse 2 アイフォン iphone 第二 第2 世代 SE 2 2020 ) ・ iPhone 11　( iphone11 アイフォン11 アイフォン iphone 11 イレブン ) ・ iPhone 11 Pro　( iphone11pro iphone 11 pro iphone11 pro 11pro アイフォン11pro アイフォン 11pro アイフォン11 pro イレブン プロ ) ・ iPhone11 Pro Max　( iphone11 pro max アイフォン11 pro max アイフォン iphone 11pro max 11promax イレブン プロ マックス ) ・ iPhone XS　( iphonexs iphone xs アイフォンxs アイフォン テンエス ) ・ iphone X　( iphonex iphone x アイフォンx アイフォン テン 10 ) ・ iphone XR　( iphonexr iphone xr アイフォンxr アイフォン テンアール ) ・ iPhone XS Max　( iphonexs max iphonexsmax iphone xs max xsmax アイフォンxs max アイフォンxsmax アイフォン テンエス マックス ) ・ iPhone 8　( iphone8 iphone 8 アイフォン8 アイフォン ) ・ iPhone 7　( iphone7 iphone 7 アイフォン7 アイフォン ) ・ iPhone 8 Plus　( iphone8 plus iphone 8plus 8 plus iphone8plus アイフォン8plus アイフォン8 plus アイフォン ) ・ iPhone 7 Plus　( iphone7 plus iphone 7plus 7 plus iphone7plus アイフォン7plus アイフォン7 plus アイフォン プラス ) ・ iPhone 6s　( iphone6s iphone 6s iphone6s アイフォン6s アイフォン ) ・ iPhone 6　( iphone6 iphone 6 iphone6 アイフォン6 アイフォン ) カラー ・ ブラック( 黒色　くろ 黒 ) ・ グレー( 灰色 はい 灰 ) ・ ネイビー( 紺色 こん 紺 ) ・ レッド( 赤色 あか 赤 ) ・ ベージュ( 肌色　はだ 肌 ) ・ カーキ( 緑色 みどり くすみグリーン ピスタチオカラー ) 商品説明 透明なガラスの美しさと耐衝撃性を兼ね備えたiFaceクリアケース 待望のiFaceクリアケース「Reflection（リフレクション）」 こだわりの強化ガラス素材とTPUの一体成型により、美しさと持ちやすさを実現。 ・First Classの形状を引き継いだSラインで持ちやすさや吸い付くようなグリップ感を実現 ・米軍用規格準拠（MIL-STD-810）の耐衝撃性 ・TPUと透明な強化ガラス、2つの素材でしっかり守る ・ケース内側のハニカム構造とエアポケットにより落下時の衝撃を吸収 ・両面テープや接着剤などを使用しない一体成型製法で耐久性に優れ、長く愛用できる ・使いやすい軽量設計 ・表面硬度9Hで背面に傷がつきにい ・強化ガラス素材使用で黄ばみにくく、美しさ持続 ・iPhone本体の美しさを引き立たせるクリアケース ・背面がクリアなので好きなシールや写真を入れてカスタマイズOK ・飛散防止加工が施してあるので、万が一の破損にも安心 ・背面ガラスがわずかに浮いた構造でにじみを防止 おすすめ プレゼント ギフト 誕生日 クリスマス 母の日 父の日 クリスマス透明なガラスの美しさと耐衝撃性を兼ね備えたiFaceクリアケース 待望のiFaceクリアケース「Reflection（リフレクション）」 こだわりの強化ガラス素材とTPUの一体成型により、美しさと持ちやすさを実現。 ・First Classの形状を引き継いだSラインで持ちやすさや吸い付くようなグリップ感を実現 ・米軍用規格準拠（MIL-STD-810）の耐衝撃性 ・TPUと透明な強化ガラス、2つの素材でしっかり守る ・ケース内側のハニカム構造とエアポケットにより落下時の衝撃を吸収 ・両面テープや接着剤などを使用しない一体成型製法で耐久性に優れ、長く愛用できる ・使いやすい軽量設計 ・表面硬度9Hで背面に傷がつきにい ・強化ガラス素材使用で黄ばみにくく、美しさ持続 ・iPhone本体の美しさを引き立たせるクリアケース ・背面がクリアなので好きなシールや写真を入れてカスタマイズOK ・飛散防止加工が施してあるので、万が一の破損にも安心 ・背面ガラスがわずかに浮いた構造でにじみを防止 ●本製品内側の飛散防止フィルム加工は摩擦等により傷がつく場合があります。お手入れの際は柔らかい布などで優しく拭いてください。 ●材質の特性上、折り曲げたり強い衝撃を与えますと破損する恐れがあります。着脱の際など取扱いにご注意ください。 ●スマートフォン本体に異常がある場合は本製品を外してください。 ●画面保護フィルムの形状により本製品と併用できない場合があります。 ●本製品ご使用における人体・スマートフォン本体を含む持ち物・データなどの損傷、破損に対し、弊社は一切の責任を負いかねます。 商品仕様 iPhone8・7・SE（第2世代）用：約縦15.1×横7.6×厚1cm、重量約34g iPhoneXS・X用：約縦15.6×横7.9×厚1cm、重量約37g iPhoneXR用：約縦16.4×横8.4×厚1.1cm、重量約42g iPhoneXSMax用：約縦17.1×横8.6×厚1cm、重量約43g iPhone 11 Pro用：約縦15.6×横8.1×厚1.1cm、重量約36.8g iPhone 11用：約縦16.6×横8.5×厚1.1cm、重量約41.2g iPhone 11 Pro Max用：約縦17.1×横8.7×厚1.1cm、重量約43g iPhone 6s・6用：約縦15.1×横7.6×厚1cm、重量約34.1g iPhone 7 Plus・8 Plus用：約縦17.1×横8.7×厚1cm、重量約43.5g iPhone 12 mini用：縦約14.7×横7.4×厚1.2cm、重量約33.5g iPhone 12/12 Pro用：縦約16.3×横8.2×厚1.2cm、重量約40.9g iPhone 12 Pro Max用：縦約17.7×横8.9×厚1.2cm、重量約46.9g 主素材：アルミノシリケートガラス、TPU ストラップ装着：可 ワイヤレス充電：可 保証：有 ※予約販売※ こちらの商品は「iPhone 12/12Pro/レッド」「iPhone XS/X/ブラック」は1月中旬入荷予定になります。入荷次第、発送いたします。予約品と在庫品を一緒にご購入の場合は、すべての商品が揃ってから発送いたします。 個別発送を希望の場合は、それぞれ別々にご購入ください。やむを得ず入荷日が変更になる場合は、メールにてご連絡いたします。,https://item.rakuten.co.jp/keitai/41-907/,1,1,1,0,,0,,Hamee（ハミィ）,keitai,https://www.rakuten.co.jp/keitai/
13,13,Hey!Say!JUMPカレンダー2021.4→2022.3（ジャニーズ事務所公認）,【楽天ブックスならいつでも送料無料】,book:20202272,2500,マガジンハウスヘイセイジャンプ 発行年月：2021年03月05日 予約締切日：2020年11月25日 ページ数：0p サイズ：単行本 ISBN：9784838790722 本 ホビー・スポーツ・美術 美術 その他 カレンダー・手帳・家計簿 カレンダー タレント カレンダー・手帳・家計簿 カレンダー 動物・自然,https://item.rakuten.co.jp/book/16540526/,1,1,1,0,,0,,楽天ブックス,book,https://www.rakuten.co.jp/book/
14,14,【先着特典】1ST (初回盤A：原石盤＋初回盤B：音色盤＋通常盤セット) (ふた付マルチケースC) [ SixTONES ],【楽天ブックスならいつでも送料無料】,book:20194233,11220,"SixTONESBKSCPN_【newcd】 ストーンズ 発売日：2021年01月06日 予約締切日：2021年01月02日 JAN：2100012053433 (株)ソニー・ミュージックレーベルズ 初回限定 (株)ソニー・ミュージックソリューションズ 初回盤A：原石盤 【CD】 01. ST 02. NAVIGATOR 03. Special Order 04. NEW ERA 05. Curtain Call 06. Dance All Night 07. S.I.X 08. Coffee & Cream 09. Imitation Rain 10. Lifetime 11. この星のHIKARI 12. BE CRAZY 13. ""Laugh"" In the LIFE 14. Rollin' 15. RAMーPAMーPAM 【DVD】 ST ーMusic Videoー ST ーMusic Video Makingー ST ーMusic Video Solo Angleー 初回盤B：音色盤 【CD】 01. ST 02. NAVIGATOR 03. Special Order 04. NEW ERA 05. Curtain Call 06. Dance All Night 07. S.I.X 08. Coffee & Cream 09. Imitation Rain 10. Lifetime 11. EXTRA VIP (Jesse × Juri Tanaka) 12. My Hometown (Yugo Kochi × Shintaro Morimoto) 13. ってあなた (Taiga Kyomoto × Hokuto Matsumura) 【DVD】 EXTRA VIP ーMusic Videoー My Hometown ーMusic Videoー ってあなた ーMusic Videoー 通常盤 01. ST 02. NAVIGATOR 03. Special Order 04. NEW ERA 05. Curtain Call 06. Dance All Night 07. S.I.X 08. Coffee & Cream 09. Imitation Rain 10. Lifetime 11. うやむや 12. Mad Love 13. Telephone 1ST ver. CD JーPOP ポップス DVD・ブルーレイ付",https://item.rakuten.co.jp/book/16534846/,1,1,1,0,,0,,楽天ブックス,book,https://www.rakuten.co.jp/book/
15,15,ノンワイヤーブラジャー 大きいサイズ 脇肉 フルカップ アンダー 大きめ 脇高 小さいサイズ レース 育乳 背肉 30代 40代 下着 レディース メール便のみ 送料無料,綺麗に、ノンワイヤーブラ♪背中 脇高 脇肉 着やせ 補正 ブラ 育乳ブラ 育乳ブラジャー アンダー 天使 大きいサイズ　超盛りブラ ノンワイヤーブラ 下着女性 下着レディース,neutral-store:10004425,1480,[素材] ポリエステ、アクリル他 [サイズ] 32/70(厚パッド)　：アンダー63〜68 34/75(厚パッド)　：アンダー68〜72 36/80(厚パッド)　：アンダー72〜77 38/85(厚パッド)　：アンダー77〜82 40/90(厚パッド)　：アンダー82〜87 36/80(薄型パッド)：アンダー70〜75 38/85(薄型パッド)：アンダー75〜78 40/90(薄型パッド)：アンダー78〜83 42/95(薄型パッド)：アンダー83〜87※まっすぐに引っ張った状態で計測しています。 [対応サイズ目安] 32/70(厚パッド)　：A65 B65 C65 34/75(厚パッド)　：D65 A70 B70 36/80(厚パッド)　：C70 A75 B75 38/85(厚パッド)　：C75 A80 B80 40/90(厚パッド)　：C80 A85 B85 36/80(薄型パッド)：D70 E70 38/85(薄型パッド)：F70 D75 E75 40/90(薄型パッド)：F75 D80 E80 42/95(薄型パッド)：F80 D85 E85 [内容] ノンワイヤー 1点 [備考]サイズは、実寸を測っているため多少の誤差はございます。実商品とPC画面では、多少見た目の色に違いがございます。着用に問題のない製法のほつれ、商品の性格上、開封された商品・一度でも着用されました商品の返品・交換は一切お受け致しません。 ご了承下さい。またその他の返品・交換につきましては当社規定でご対応させて頂きます。,https://item.rakuten.co.jp/neutral-store/c-bura-010/,1,1,1,0,,0,,NEUTRAL STORE,neutral-store,https://www.rakuten.co.jp/neutral-store/
16,16,"本日23:59まで★P最大18倍！新春初売りクーポンで10,700円送料無料！最大3kg！選べる極上本ズワイガニ！元祖カット済生本ずわい蟹or特大ポーションor茹でガニ[三木谷社長も絶賛][かに/カニ/蟹/かにしゃぶ/むき身]お年賀 帰省暮 帰歳暮 ギフト プレゼント",＼ポイント最大10倍超！／総合ランキング1位★週間も1位★グルメ大賞カニ部門6度受賞！年間10万箱以上の販売実績⇒累計150万箱突破,masuyone:10000016,14940,2018年2月1日より送料無料商品でございます場合も、北海道・沖縄県への配送時、別途980円の送料を頂戴しております。 また、決済方法を全額ポイント決済でいただいております場合は、【銀行振込または、代引き引換】にて別途980円の送料を御請求させていただきますので、何卒ご了承くださいませ。 ※手数料はお客様ご負担となっております。ご確認の程いただけますようお願い申し上げます。 ■ 商品内容 ■賞味重量1.8kg/冷凍時　(総重量2kg超)【約6人前】 ズワイ蟹足：ビードロカット（生/冷凍）約18〜24本 ズワイ蟹爪：リングカット（生/冷凍）約6〜9個 ズワイ蟹爪下：リングカット（生/冷凍）約6〜9本 ズワイカニ肩：ハーフカット（生/冷凍）約12〜21個 ※ズワイ蟹の大きさにより数量は前後します。 ※生食用 ⇒合計1.8kg/冷凍時（総重量2kg超） 産地：ロシア/アメリカ(アラスカ)/カナダ産 または、 ■プレミアム特大3L規格1.2kg/冷凍時（総重量1.4kg）【2〜3人前】 原材料：ズワイガニ ズワイ蟹足(天然)：ビードロカット（生/冷凍）約8〜12本 ズワイ蟹爪：リングカット（生/冷凍）約2〜4個 ズワイ蟹爪下：リングカット（生/冷凍）約2〜4本 ズワイカニ肩：ハーフカット（生/冷凍）約6〜10個 ※ズワイ蟹の大きさにより数量は前後します。 ※[生食可]解凍後そのままでもお召し上がりいただけます。 ⇒合計1.2kgセット（総重量1.4kg）（3-4人前） 産地：ロシア/カナダ産 または、 ■特大5L生ズワイガニポーション1kg(25本前後) 【内容量】合計1.0kgセット（500g×2）（3-4人前） 産地：ロシア/アメリカ(アラスカ)/カナダ産 ※冷凍時の重さです。解凍後は若干目減りあり。 ※品質保持のため、安全性の高い酸化防止剤（亜硫酸塩、エリソルビン酸Na）を使用しております。 [生食可]解凍後そのままでもお召し上がりいただけます。 【4番は完売御礼】 ■ズワイ蟹・足(ボイル) 2.8kg前後(グロス) 11肩〜15肩前後（6-8人前） 産地：カナダ/ロシア産 ※冷凍時の重さです。解凍後は若干目減りします。 または、 ■ズワイ蟹・姿(ボイル/冷凍) 5尾〜7尾入り⇒合計3kg前後（5-7人前） 産地：カナダ産 ※冷凍時の重さです。解凍後は若干目減りします。 または、 【6番は完売御礼！】 ■生ズワイカニ爪900g・爪下900g・肩肉1.2kg 総重量3kgセット （5-7人前）（ロシア産） ※解凍後は目減りします。 または、 ■特大4L ズワイ蟹・足(ボイル) 2kg超 5肩〜7肩前後（5-7人前） 産地：カナダ/ロシア産 ※足折れが混ざる場合がございます。解凍後は若干目減りします。 【賞味期限】冷凍1ヶ月、冷蔵1日 ※冷凍時の重さです。解凍後は若干目減りあり。 ※品質保持のため、安全性の高い酸化防止剤（亜硫酸塩、エリソルビン酸Na）を使用しております。【父の日/お中元/御中元/お歳暮/御歳暮/かに/カニ/蟹/おとりよせ/お取り寄せ】【ズワイガニ/ずわいがに/ポーション/かにしゃぶ/カニしゃぶ/むき身/かに鍋/鍋/福袋/ますよね/お年賀】 販売者：有限会社増米商店（福井県敦賀市津内27-3-5） ■ 賞味期限 冷凍：1ヶ月(推奨1週間)以内　(冷凍-18℃以下で保存)※箱に印字の賞味期限は業務用の冷凍庫にて-18℃以下で保たれた一定の温度管理のもと保管をした場合の期限となっており、ご家庭用の冷凍庫の場合は、1ヶ月以内にお召し上がりくださいませ。（解凍後は当日中） 冷蔵：当日中 家庭用冷凍庫の場合、業務用冷凍庫に比べ保存温度が高いため品質が損なわれる可能性がございます。なるべく早めにお召し上がり下さいませ。 【2019/11/15総合1位】※※6番、7番の商品説明はございません。何卒ご了承くださいませ。 カニ かに 蟹 お歳暮 御歳暮 お年賀 ギフト プレゼント お取り寄せ グルメ/ハレの日/贈り物/かに/カニ/蟹/むき身 ずわいがに/ズワイガニ/ポーション 楽天最安値に挑戦 福井県敦賀市の 創業58年のカニ専門店ますよね 75億円＆150万箱売れた伝説の蟹 ヒルナンデス！ あったか鍋 【4番・6番は完売御礼！】,https://item.rakuten.co.jp/masuyone/130007/,1,1,1,0,,0,,越前かに問屋「ますよね」,masuyone,https://www.rakuten.co.jp/masuyone/
17,17,年末年始恒例！クーポンで198円★サラシア ダイエットサプリ　約1ヵ月分 ショップオブザイヤー受賞店舗 総合賞4位 　送料無料 健康 サプリメント サプリ ダイエット サラシア 油 糖分 炭水化物 糖質制限【2020diet】,ショップオブザイヤー受賞店舗 総合賞4位 ラ・クーポン大賞 ダイエット・健康ジャンル大賞,seedcoms:10006846,960,内容量 1粒重量300mg　×60粒　約1ヶ月分 お召し上がり方 1日2粒を目安にお飲みください。 原材料 サラシア末、還元麦芽糖水飴、菊芋エキス末、バナバエキス末／微結晶セルロース、ステアリン酸カルシウム、微粒二酸化ケイ素、プルラン 保存方法 高温多湿や直射日光を避け、常温保存してください。 賞味期限 約2年間 広告文責 株式会社エフ琉球　seedcoms楽天市場店 電話番号 098-963-9076（代表） 製造者 株式会社エフ琉球沖縄県那覇市泊2-1-21尚平ビル1F 製造国 日本 商品区分 食品 名称 サラシア末含有食品 ネコポス(日時指定・代引き不可）のみ送料無料となります。※コンビニ後払いの場合、手数料一律250円別途加算されます。※偏った食事を取る方や！ ▼炭水化物、甘い物が好きな方へ▼ br> 【予告】,https://item.rakuten.co.jp/seedcoms/100000333-1/,1,1,1,1,ワールドワイド,0,,サプリ専門SHOP シードコムス,seedcoms,https://www.rakuten.co.jp/seedcoms/
18,18,ケノンは脱毛器ランキング3138日1位!レビュ-14万件 国産 最新バージョン 公式 美顔器 フラッシュ 光 家庭用 ムダ毛の処理 女性 ヒゲ メンズ kenon 永久に剃刀は嫌 VIO 背中 セルフ 口コミ アンダーヘア レーザー 髭 顔 男 フェイス ボディ 眉毛 脱毛器ランキング446週1位,即日発送！男女50〜10代の家電1位.男性のヒゲに使用可【ケノン公式店エムロック】カ-ド不要分割払い有 月2909円 日本でムダ毛に悩む80万人に販売 /楽天で初めて方は1000円引ク-ポン付,mrock:10012094,69800,2020/9/30現在、すでに日本国内だけで驚きの受注数90万台を突破！ ※ケノン公式ショップ（エムロック楽天市場店）脱毛器デイリーランキング3101日1位　2020年10月21日更新（集計期間2012/3/13〜2020/10/20) ケノン公式ショップ（エムロック楽天市場店）脱毛器週間ランキング　448週1位　2020年10月21日更新（集計期間2012/3/13〜2020/10/19) 快挙！ ※楽天市場フラッシュ週間脱毛器ランキング2020/6/10更新 (集計期間：2020/5/9〜2020/6/7) emsマシンはケノンと同時注文限定でお安く購入が出来ます。 退職祝いの贈物用のギフトが240円税込で承れます。 こちらの商品ページで販売しているケノンには、 ケノン スーパープレミアム カートリッジが標準で装着されています。 付属品でサングラスが付いています。 受取の際、宅配ボックスを希望の方は、 ご注文時の備考欄に「宅配ボックス希望」と記載して下さい。 メーカー希望小売価格はメーカーサイトに基づいて掲載しています ■特定商取引法に基づく表記を必ずお読み下さい ■店長より ケノンは全国送料無料です。 ▼ケノンと同時注文できる商品一覧▼ ・電動フェイスシェーバー(トリマー) ・電動ボディシェーバー(水洗いできる) ・電動鼻毛カッター ・電動背中用シェーバー(トリマー) ・EMSマシン ・送風機 ・空気清浄機 ・ロボットクリーナー ・5倍拡鏡 ・アンダースタイルガイド 男性用、女性用にもなります。 ・カップル お揃い プレゼント ・退職　プチギフト ・おもしろ プレゼント ・還暦祝い でご注文される方が増えています。 使い方は簡単です。 年配の方でもケノンの使い方は簡単だったとお喜び頂いています。ケノン 公式ショップ株式会社エムロック楽天市場店 ケノン は 口コミ も抜群！だから選ばれています。ケノン 髭 への使用も可能！美顔器としても大人気のケノンは家族で使う方からも皆で使えると大好評です。最大100万発照射可能なプレミアムカートリッジは、家族全員で使用していても相当持ちます。ケノンはコスパもいいんです！上からヒゲ、胸毛、腕毛、腹毛（ギャランドゥ）、Vライン、足毛、指毛、ほぼ全ての箇所に利用可能です。ケノンは、ムダ毛処理が大変、という女性の味方です！口周りの産毛（うぶ毛）にも使えます。 クリスマス時の肌魅せにもケノンが役に立ちます♪ フラッシュ 光 ケノン は エステから乗り換える人も多く、中にはエステシャンがケノンを購入しているというケースも少なくありません。エステシャンのような美容のプロの方でも使われているレビューもあり、エステに行っていた人もケノンを選んでいます。年々ケノンも2012年からの販売開始以降、進化を繰り返しています。,https://item.rakuten.co.jp/mrock/ke-non/,1,1,1,0,,0,,エムロック楽天市場店,mrock,https://www.rakuten.co.jp/mrock/
19,19,《ポイント7倍！さらにクーポンで最大750円OFFに！》返金保証＆プレゼント付＆あす楽・ エマーキット 超濃厚 まつ毛美容液 水橋保寿堂製薬 EMAKED 正規品　エマーキッド,本格派　超濃厚まつげ美容液　エマーキット【あす楽】送料無料 EMAKED 　プレゼント　ラッピング,granbeautyon-line:10000005,6050,商品説明メーカー名水橋保寿堂製薬株式会社 名称EMAKED エマーキット区分化粧品(まつ毛美容液）製造国日本製内容量 2ml&nbsp;商品サイズ &nbsp;(幅×奥行×高さ) :150×35×35mm成分表示 水、加水分解ムコ多糖、ヒアルロン酸Na、カプリリルグリコール、ヘキサペプチド-2、パルミトイルペンタペプチド-4、乳酸Na、PCA-Na、ソルビトール、プロリン、リン酸Na、ビオチン、チャ葉エキス、オタネニンジン根エキス、イチョウ葉エキス、塩化Na、パパイア果実エキス、ブドウ種子エキス、シルクアミノ酸、フェノキシエタノール、ホクベイフウロソウエキス、カンゾウ根エキス、パンテノール、(アクリレーツ/アクリル酸アルキル(c10-30))クロスポリマー、ポリソルベート20、TEA、メチルパラベン、エチルパラベン、プロピルパラベン、ブチルパラベン、イソブチルパラベン 免責事項・ご注意 必ずお読みください お客様によっては、ごく稀にアレルギー反応を引き起こす原因となり得る可能性が御座いますので、当化粧品をご使用してのお肌などトラブルなどに関しましては、弊社では一切の責任を負いませんのでご了承下さい。何らかの異常が発生した場合には直ちに使用を中止し医療機関への受診をお受けください。ご妊娠中・授乳中・未成年者様のご使用出来ません。お控えください。当店での販売商品は全て正規品でございます。故に転売行為を目的とする正規品証明などにつきましてのお受付は行っておりません。 広告文責GRANBEAUTY050-1002-2727 あんしん返金保証概要《楽天市場店限定》 ・当店で初めて購入のお客様が対象となります。対象商品・エマーキット/1本単品商品のみ ・初回購入のお客様が対象となります。・ご購入日を1日目とし14日以内に当店にメール連絡頂いたお客様が対象となります。適用外・初回購入ではないお客様 ・まつ毛が伸びない、効果が出ないなどはあんしん返金保証対象外となります。 ・初回購入日に複数個ご購入のお客様は返金保証の範囲は1本分のみとなります。・当店の了承無く返送されたお客様 ・本来の使用目的以外に誤った使用によって発生した異常については対象外となります。 ・誤って購入したなどのご理由では今回のあんしん返金保障の対象とはなりません。返品方法マイページよりご購入履歴の【ショップへのお問合せ】フォームよりご連絡下さい。 当店より2日営業日以内にてご連絡させて頂きます。返送先住所などお伝えいたします。 返送にかかる送料等はお客様のご負担となります。予めご了承ください。免責事項・返金額の上限ご購入頂いた商品代金を上限とし商品代金のみ全額返金となります。 ・損害賠償責任は当店で負うことは出来ません。,https://item.rakuten.co.jp/granbeautyon-line/10000005/,1,1,1,0,,1,群馬県/埼玉県/千葉県/東京都/神奈川県/富山県/石川県/福井県/岐阜県/静岡県/愛知県/三重県/滋賀県/京都府/大阪府/兵庫県/奈良県/和歌山県/鳥取県/島根県/岡山県/広島県/山口県/徳島県/香川県/愛媛県/高知県/福岡県/佐賀県/長崎県/熊本県/大分県/宮崎県/鹿児島県/茨城県/栃木県,GRAN BEAUTY WORLD楽天市場店,granbeautyon-line,https://www.rakuten.co.jp/granbeautyon-line/
20,20,【ふるさと納税】ご飯のお供に明太子500g（BG076）,,f413461-miyaki:10001339,5000,名称 ご飯のお供に明太子500g 内容量 明太子　500g 配送方法 冷凍 賞味期限 【冷凍保存の場合】3ヵ月 【冷蔵保存の場合】7日間 提供元 大秀屋 その他 - ・ふるさと納税よくある質問はこちら ・寄附申込みのキャンセル、返礼品の変更・返品はできません。あらかじめご了承ください。地元名士が手掛ける大秀屋！！！ 【ぷちぷちの食感】 明太子の原料となるすけとうだらの卵は 一卵一卵(いちらんいちらん)が獲れた(漁場・時期・状況)により異なった品質の ものとなります。その異なった『卵』のもつ力を最大限(ぷちぷち感を)引き出す為に 『その卵だけに合った』仕込みを惜しむことなく行う事で、 お口に入れたときに感じる「粒の張り」を感じて頂けるように仕上げる事ができます。 【奥深い味わい】 かつお・昆布のうまみ効いた秘伝の調味液で72時間以上じっくりと漬け込んでいます。 お子様からご年配の方まで幅広い層の方に喜んで頂けるように辛さ控えめで仕上げております。 ぜひ一度ご賞味ください。 ※大変申し訳ございません。大変人気の商品で注文が殺到しております。 お届けに2ヶ月ほどお時間いただいております。,https://item.rakuten.co.jp/f413461-miyaki/bg076/,1,1,1,0,,0,,佐賀県みやき町,f413461-miyaki,https://www.rakuten.co.jp/f413461-miyaki/
21,21,1ST (初回盤A：原石盤 CD＋DVD) [ SixTONES ],【楽天ブックスならいつでも送料無料】,book:20194229,3286,"SixTONESBKSCPN_【newcd】 ファースト ストーンズ 発売日：2021年01月06日 予約締切日：2021年01月02日 1ST JAN：4547366487176 SECJー16/7 (株)ソニー・ミュージックレーベルズ 初回限定 (株)ソニー・ミュージックソリューションズ 【CD】 01. ST 02. NAVIGATOR 03. Special Order 04. NEW ERA 05. Curtain Call 06. Dance All Night 07. S.I.X 08. Coffee & Cream 09. Imitation Rain 10. Lifetime 11. この星のHIKARI 12. BE CRAZY 13. ""Laugh"" In the LIFE 14. Rollin' 15. RAMーPAMーPAM 【DVD】 ST ーMusic Videoー ST ーMusic Video Makingー ST ーMusic Video Solo Angleー CD JーPOP ポップス DVD・ブルーレイ付",https://item.rakuten.co.jp/book/16534842/,1,1,1,0,,0,,楽天ブックス,book,https://www.rakuten.co.jp/book/
22,22,ARASHI Anniversary Tour 5×20 (通常盤 Blu-ray)【Blu-ray】 [ 嵐 ],【楽天ブックスならいつでも送料無料】,book:20090531,4501,嵐アラシ アニバーサリー ツアー 5 20 アラシ 発売日：2020年09月30日 予約締切日：2020年09月26日 (株)ジェイ・ストーム JAXAー5126~5127 JAN：4582515770198 16:9 カラー 日本語(オリジナル言語) リニアPCMステレオ(オリジナル音声方式) 日本語字幕 ARASHI ANNIVERSARY TOUR 5*20 DVD ブルーレイ ミュージック・ライブ映像,https://item.rakuten.co.jp/book/16412087/,1,1,1,0,,0,,楽天ブックス,book,https://www.rakuten.co.jp/book/
23,23,【クーポン利用で10%OFF】エバーカラーワンデーナチュラル (1箱20枚入り)( 安斉かれん あす楽 送料無料 カラコン カラーコンタクト 度あり 度入り 度なし ワンデー 人気 安斉かれんカラコン アイレ モイスト コンタクト エバーカラー エバーカラーワンデー エバカラ ),2020年「総合」楽天ランキング10位,queeneyes:10000234,2493,☆★　受賞履歴　★☆ 当店で販売する「エバーカラーワンデーナチュラル」は2014年〜現在まで数々の賞を受賞！！年間（半期）総合ランキングでは、楽天市場の全商品の中からランクイン！ ◆2019年楽天年間ランキング　「総合6位」 ◆2019年楽天上半期ランキング　「総合8位」 ◆2018年楽天年間ランキング　「総合3位」 ◆2018年楽天上半期ランキング　「総合7位」 ◆2017年楽天年間ランキング　「総合4位」 ◆2017年楽天上半期ランキング　「総合4位」 ◆2016年楽天年間ランキング　「総合6位」 ◆2016年楽天上半期ランキング　「総合6位」 ◆2015年楽天年間ランキング　「総合2位」 ◆2015年楽天上半期ランキング　「総合4位」 ◆2014年楽天年間ランキング　「総合14位」 ☆★EverColor_1day Natural〜エバーカラーワンデーナチュラル〜★☆ 【エバーカラーワンデーナチュラル】 ■クリアキャメル CLEAR CAMEL 【NEW】 透明感のある瞳に。ブラウンのフチで瞳を自然に大きく、透明感のある明るめのミドルカラーでトーンアップ。 ■パールベージュ PEARL BEIGE 【NEW】 儚げでピュアな瞳に。色素を薄くするベージュカラーと極細フチが、儚げでピュアな印象に。 ■スムースコーラル SMOOTH CORAL 【NEW】 かわいらしい瞳に。ダークブラウンのフチで瞳を引き締め、コーラルピンクが明るくかわいらしい雰囲気に。 ■ナチュラルブラウン NATURAL BROWN ほんのり茶色。ナチュラルなのに黒目の大きいくりくりの瞳に。 ■シャンパンブラウン CHAMPAGNE BROWN とにかく大きい印象。オレンジの放射線でキラキラ感があるので、ナチュラルなのに華やかさもアリ！ナチュラルブラウンよりも少し明るめ ■ナチュラルブラック NATURAL BLACK ほんのり色づくビターなブラック。フチがふんわりしているので、より馴染むデザイン。黒目で大きくしたいならオススメ！ ■ナチュラルモカ NATURAL MOCHA ふんわりフチで馴染みやすいデザイン。カーキベージュを取り入れたブラウンがシックで落ち着いた印象に。アプリコットブラウンよりも若干明るめの印象。 ■アプリコットブラウン APRICOT BROWN ダークブラウンのくっきりな細フチが瞳の存在感を惹き立たせる。大きくなりすぎず、アッシュよりも若干赤みのあるオレンジが好きな方にオススメ！ ■クラシックチーク CLASSIC CHEEK ピンクニュアンスを重ねることで、上品で女性らしい、ほんのりピンクなブラウン瞳に。くっきりフチのナチュラルブラウンやシャンパンブラウンよりも、馴染みが良くナチュラルな印象。 【エバーカラーモイストUV】 ■シフォンブラウン Chiffon Brown パウダー状に広がるインナーカラーと、ふんわりフチが柔らかなt優しい瞳に。ベーシックに最適な裸眼風レンズ。 ■アンティークベージュ Antique Beige 輔間のある落ち着いた、くすみベージュの発色が程よく瞳の色素を薄くし、儚げな印象に。 ■アーバンノワール Urban Noir 深みのアルアッシュブラウンのふんわりフチが、重たい印象を与えずに存在感引き立つ自然な黒目に。 ■ブラウンマリアージュ BROWN MARIAGE 深みと奥行き感のある繊細なデザインは、瞳をナチュラルに大きく見せて、キラキラ感のある瞳に。キラキラ感があるのに、大人っぽい印象に。 ■イノセントグラム INNOCENT GLAM 光を取り込んだような艶っぽさを演出できるデザイン。キラキラしつつもナチュラルに盛れる。通常のブラウンよりも赤茶色なじ色味で明るめ。 ■シアーリュール SHEER LUEUR 赤っぽいブラウンに、いイエローのハイライトカラーが綺麗なアクセントに！大きくなりすぎずに明るい瞳に。 ■シルエットデュオ SILHOUETTE DUE 2色で均一なドットパターンが瞳のシルエットをふんわりとやさしく強調。ぼかしフチのデザインで、色素の薄い洗練された印象。 ◆枚数 1箱20枚入り ◆使用期間 1日 ◆DIA 14.5mm ◆着色直径 13.8mm ◆BC 8.7mm ◆含水率 38.6% / 42.5% ◆度数 ±0.00 -0.50〜-5.00(0.25ステップ) -5.50〜-10.00(0.50ステップ) ◆高度医療機器承認番号 22300BZX00212A01 / 22600BZX00273A02 ◆製造方法 キャストモールド製法 ◆製造販売元 株式会社アイレ ◆販売元 株式会社アイセイ ◆広告文責 株式会社エース TEL:0120-267-531高度医療機器販売許可 許可番号 30港み生機器第122号 ◆生産国 台湾 ◆区分 高度管理医療機器 ☆★装着液：ティアーレ★☆ ◆内容量 0.5mlが6本入り ◆製造元株式会社オフテクス ◆広告文責 株式会社エースTEL:0120-267-531高度医療機器販売許可 許可番号 30港み生機器第122号 ◆生産国 日本製 ◆区分 医薬部外品,https://item.rakuten.co.jp/queeneyes/evercolor_natural/,1,1,1,0,,1,群馬県/埼玉県/千葉県/東京都/神奈川県/新潟県/富山県/石川県/福井県/山梨県/長野県/岐阜県/静岡県/愛知県/三重県/滋賀県/京都府/大阪府/兵庫県/奈良県/岩手県/和歌山県/鳥取県/島根県/岡山県/広島県/山口県/宮城県/福岡県/佐賀県/長崎県/熊本県/大分県/宮崎県/鹿児島県/秋田県/山形県/福島県/茨城県/栃木県,クイーンアイズ楽天市場店,queeneyes,https://www.rakuten.co.jp/queeneyes/
24,24,【超超お得！】2021年　レティジア福袋/福袋/カラージェル/ハッピーバッグ/セット/パーツ/アクリル/チップスタンド/Letizia(レティジア)/ジェルネイル/ネイリストmika./ネイリストみか/,2021年★福袋,worldly:10000257,5500,商品説明 概要 Letizia楽天ショップから超超お得な「2021年★福袋」が発売！ 数量限定のため、お見逃しなく！ ご注意 福袋のため、返品・交換は受け付けておりません。 またカラージェルやパウダーのカラー、ネイル雑貨のご指定はできません。 予めご了承ください。 ※商品画像は一例です。 ネイル雑貨はランダムでのお届けとなります。 セット内容 ■超超お得！カラーはランダムでお届け！ ・ボトルタイプ カラージェル 3本 ・アクリルパウダー 1個 ※色のご指定はできません。 ■何が入っているかお楽しみ！ネイル雑貨3点 ・ネイルシール、ホロ、ブラシ、ラメなどの中からネイル雑貨3点 ※ネイル雑貨のご指定はできません。 ■必ず入っているアイテム　4点 ・ネイルファイル 1個 ・チップスタンド 1個 (ネイルチップ用粘土3個付き) ・ネイルフォーム　10回分 ・防水シート 6枚 送料について本福袋は「送料無料」となります。 福袋とその他商品をお買い上げのお客様も送料を無料とさせていただきます。 広告文責合同会社WORLDLY 大阪府藤井寺市岡2丁目12-10-3F072-947-7291,https://item.rakuten.co.jp/worldly/l-happybag-2021/,1,0,1,1,ワールドワイド,0,,Letizia,worldly,https://www.rakuten.co.jp/worldly/
25,25,Snow Man　カレンダー　2021.4-2022.3　Johnnys´Official,【楽天ブックスならいつでも送料無料】,book:20202277,2500,新潮社スノウマン　スノーマン 発行年月：2021年03月05日 予約締切日：2020年11月25日 ISBN：9784108991750 本 カレンダー・手帳・家計簿 カレンダー タレント,https://item.rakuten.co.jp/book/16540531/,1,1,1,0,,0,,楽天ブックス,book,https://www.rakuten.co.jp/book/
26,26,【今だけ点数増量中 1/5まで】食品ロス削減支援 もったいない福袋 計10種50点以上 食品詰め合わせセット 食品ロス 福袋 お得 詰め合わせ 訳あり ワケあり 在庫処分 フードロス アウトレット 食品ロス コロナ 送料無料 食品 ロス 応援 2021【12/28中身一部更新】,3980円以上で送料無料(一部以下でも送料無料)【数量限定】,wakeary-shop:10104832,3980,内容量計10種50点以上(1/5 23:59まで ご好評につき期間延長!)賞味期限最短賞味期限2021.01.15以降 【12/28一部更新】 食品ロス削減支援として当ショップが選んだ食品詰め合わせセットになります。 賞味期限間近(最短2021.01.15以降)、パッケージ変更品、生産数調整品等、有名メーカーの商品合計50点以上(1/5 23:59まで ご好評につき期間延長!)を送料無料でお届けします。 いつもは買わない商品が入っていても、これならお試し気分で楽しめます! ご近所さんにおすそ分けも! 【もったいない福袋】 福袋 コロナ 訳あり 食品ロス フードロス を防ぐ 在庫処分 在庫フードロス 送料無料 食品ロスフードロス コロナフードロス もったいない 食品 ロスコロナ 在庫処分フードロス 送料無料 スイーツ スイーツコロナ 応援コロナ コロナ支援 支援 食品 ロス 応援 福袋対象 復袋 福袋 2021 楽天 食品ロス 福袋 食品 ロス 食べ て 【イベント】 スーパーセール スーパーSALE マラソン お買い物マラソン 5倍の日 タイムセール バーベキュー クリスマス GW ゴールデンウィーク 子供の日 端午の節句 ひな祭り ビアガーデン 新年会 忘年会 二次会 キャンプ 宅呑み インスタ インスタ映え 母の日 父の日 敬老の日 節句 お正月 誕生日 入学 進学 卒業 入学式 卒業式 就職 新入社員 歓迎会 幼稚園 卒園 大学 小学校 中学校 高校 保育園 大学 大学院 ズームイン ズムサタ 復袋 ポイント10倍 【ご挨拶】 新盆 初盆 大切な人 大切な方 お中元 法事 法要 お中元 お歳暮 残暑見舞い 暑中見舞い お正月 お年賀 お彼岸 ●写真はイメージです。 予告なくパッケージ、商品名、産地等が変更になる場合がございます。予めご了承ください。 （実際にお届けする商品と掲載内容が異なる場合がございます）※購入時のタイミングによっては欠品になることがございます。※沖縄、一部離島は配送できませんのであらかじめご了承ください。※当店の商品は賞味期限切れ間近、アウトレット、旧型番・パッケージ変更品、生産過剰品、在庫処分等の 訳あり 商品・食品となっておりますが、商品の品質には問題ございませんのでご安心下さい。【検索用キーワード】福袋 お菓子,https://item.rakuten.co.jp/wakeary-shop/1006035/,1,1,1,0,,0,,WAKEARY,wakeary-shop,https://www.rakuten.co.jp/wakeary-shop/
27,27,【ohoraスターターセット】【ネイル2点＋ジェルランプ】ohora オホーラ ネイル ジェルネイル ジェルネイルシール ネイルシール ネイルステッカー 貼るだけネイルシール ジェルランプ おうちネイル 秋ネイル 8000円以上で送料無料！,SNSで大好評！誰でもできるサロン級ジェルネイルのお得セット！,klug-official:10000008,4399,【注意事項】 ・ヤマト運送の年末年始休業により、12月24日以降のご注文は2021年1月4日から順次発送いたします。また、運送会社の混雑具合により配送が遅延される恐れがございますので、予めご了承ください。DHLは通常営業となりますので、お急ぎの方はDHLをご利用ください。 ・当店でご購入された商品は、原則として「個人輸入」としての取り扱いになり、すべて韓国ソウルからお客様のもとへ直送されます。 ・個人輸入される商品は、すべてご注文者自身の「個人使用・個人消費」が前提となりますので、ご注文された商品を第三者へ譲渡・転売することは法律で禁止されております。 ・関税又は消費税が課税される場合があります。詳細はこちらをご確認下さい。 ・商品の色はシールの画像の色味と同様でございます。ただし、お使いのモニターの設定やお部屋の照明などにより、実際の商品と画像の色味が異なる場合がございます。あらかじめご了承ください。 ・冬場は気温の低下により商品が硬くなる場合がございます。 硬くなった商品を体温で温めればもとに戻ります。,https://item.rakuten.co.jp/klug-official/ohora_new/,1,1,1,0,,0,,Dailynco,klug-official,https://www.rakuten.co.jp/klug-official/
28,29,1ST (初回盤B：音色盤 CD＋DVD) [ SixTONES ],【楽天ブックスならいつでも送料無料】,book:20194230,3286,SixTONESBKSCPN_【newcd】 ファースト ストーンズ 発売日：2021年01月06日 予約締切日：2021年01月02日 1ST JAN：4547366487183 SECJー18/9 (株)ソニー・ミュージックレーベルズ 初回限定 (株)ソニー・ミュージックソリューションズ 【CD】 01. ST 02. NAVIGATOR 03. Special Order 04. NEW ERA 05. Curtain Call 06. Dance All Night 07. S.I.X 08. Coffee & Cream 09. Imitation Rain 10. Lifetime 11. EXTRA VIP (Jesse × Juri Tanaka) 12. My Hometown (Yugo Kochi × Shintaro Morimoto) 13. ってあなた (Taiga Kyomoto × Hokuto Matsumura) 【DVD】 EXTRA VIP ーMusic Videoー My Hometown ーMusic Videoー ってあなた ーMusic Videoー CD JーPOP ポップス DVD・ブルーレイ付,https://item.rakuten.co.jp/book/16534843/,1,1,1,0,,0,,楽天ブックス,book,https://www.rakuten.co.jp/book/
29,30,【3箱目無料】ラルム メルティ シリーズ LARME MELTY SERIES 越智ゆらの(1箱10枚入り)( あす楽 送料無料 カラコン カラーコンタクト 度あり 度なし ワンデー ワンデーカラコン モイスト UVカット 色素薄い系 くすみカラーラルム メルティー ),まとめ購入なら3箱目無料！,queeneyes:10000609,1760,※個数2個以下のご注文はネコポス（ポスト投函便）配送となります。 配送方法詳細より「注意事項」の記載を必ずご確認ください。 3箱以上ご購入の場合は、ネコポス規定サイズを超えますので、宅配便にて配送いたします。（他の商品との同時購入や、複数セットをご購入された場合も決済画面では「メール便」のみしかご選択できません） ●ポストにお届けするので、不在宅でもOK！ ●宅急便と同様のお届け日数で全国配送！ ●お届けした際に、投函完了をメールにてお知らせ。 ●当店はネコポスも全国送料無料で配送！ ☆★LARME CLEAR MOIST UV ラルムクリアモイストUV★☆ ◆枚数 1箱30枚入り ◆使用期間 1日 ◆DIA 14.0mm ◆BC 8.7mm ◆含水率 38％ ◆中心圧 0.07mm(-3.00D) ◆高度医療機器承認番号 22600BZX00484A05 ◆製造販売元 株式会社シンシア ◆区分 高度管理医療機器 ◆広告文責 株式会社エース TEL:0120-267-531 高度医療機器販売許可 許可番号 30港み生機器第122号 ◆生産国 台湾 ※眼科医院などで検査を受けてからお求めください。,https://item.rakuten.co.jp/queeneyes/larmemeltyseries-1/,1,1,1,0,,1,群馬県/埼玉県/千葉県/東京都/神奈川県/新潟県/富山県/石川県/福井県/山梨県/長野県/岐阜県/静岡県/愛知県/三重県/滋賀県/京都府/大阪府/兵庫県/奈良県/岩手県/和歌山県/鳥取県/島根県/岡山県/広島県/山口県/宮城県/福岡県/佐賀県/長崎県/熊本県/大分県/宮崎県/鹿児島県/秋田県/山形県/福島県/茨城県/栃木県,クイーンアイズ楽天市場店,queeneyes,https://www.rakuten.co.jp/queeneyes/
